"edge_1","edge_2"
1,2
1,3
2,3
1,4
2,4
1,5
2,5
3,5
4,5
1,6
4,6
1,7
2,7
3,7
4,7
5,7
6,7
1,8
2,8
4,8
6,8
7,8
1,9
2,9
3,9
4,9
6,9
7,9
8,9
1,10
2,10
4,10
5,10
7,10
8,10
9,10
1,11
2,11
3,11
4,11
5,11
6,11
7,11
12,13
12,14
13,14
12,15
13,15
14,15
12,16
13,16
14,16
15,16
12,17
13,17
14,17
15,17
16,17
18,19
18,20
13,21
14,21
18,21
19,21
20,21
18,22
19,22
20,22
21,22
18,23
20,23
21,23
22,23
18,24
19,24
20,24
21,24
22,24
18,25
19,25
20,25
21,25
22,25
23,25
24,25
18,26
19,26
20,26
21,26
22,26
23,26
25,26
18,27
19,27
20,27
22,27
23,27
24,27
25,27
18,28
19,28
21,28
22,28
23,28
24,28
25,28
26,28
18,29
21,29
22,29
25,29
26,29
28,29
30,31
30,32
31,32
30,33
31,33
32,33
30,34
31,34
32,34
33,34
30,35
31,35
32,35
33,35
34,35
31,36
32,36
33,36
34,36
35,36
30,37
31,37
32,37
33,37
34,37
35,37
36,37
38,39
38,40
39,40
38,41
39,41
40,41
38,42
39,42
40,42
41,42
38,43
39,43
40,43
41,43
42,43
44,45
44,46
44,47
46,47
44,48
44,49
45,49
46,49
47,49
48,49
44,50
46,50
47,50
48,50
49,50
44,51
45,51
48,51
49,51
44,52
45,52
46,52
47,52
49,52
51,52
44,53
45,53
47,53
49,53
51,53
1,54
10,54
54,55
1,56
54,56
55,56
3,57
54,57
56,57
3,58
54,58
56,58
57,58
3,59
54,59
56,59
57,59
58,59
54,60
55,60
56,60
58,60
59,60
54,61
57,61
58,61
59,61
60,61
62,63
62,64
62,65
63,65
64,65
62,66
63,66
64,66
65,66
62,67
64,67
65,67
66,67
62,68
65,68
66,68
62,69
63,69
64,69
65,69
66,69
68,69
62,70
63,70
65,70
66,70
67,70
69,70
62,71
63,71
65,71
66,71
67,71
68,71
69,71
70,71
72,73
72,74
73,74
72,75
73,75
74,75
72,76
73,76
74,76
75,76
72,77
73,77
75,77
72,78
74,78
77,78
79,80
79,81
80,81
79,82
80,82
81,82
79,83
80,83
81,83
82,83
82,84
83,84
80,85
82,85
83,85
84,85
81,86
82,86
83,86
84,86
80,87
83,87
81,88
83,88
85,88
86,88
87,88
80,89
81,89
83,89
84,89
80,90
83,90
85,90
87,90
82,91
83,91
86,91
87,91
89,91
79,92
83,92
87,92
89,92
90,92
91,92
80,93
81,93
83,93
84,93
86,93
87,93
89,93
90,93
92,93
80,94
83,94
85,94
86,94
90,94
83,95
86,95
87,95
89,95
90,95
80,96
83,96
85,96
86,96
89,96
92,96
95,96
80,97
83,97
84,97
85,97
86,97
87,97
90,97
94,97
98,99
98,100
99,100
98,101
99,101
100,101
99,102
101,102
99,103
101,103
102,103
98,104
99,104
100,104
103,104
98,105
99,105
100,105
101,105
102,105
103,105
104,105
106,107
106,108
107,108
106,109
107,109
108,109
106,110
107,110
108,110
109,110
106,111
107,111
109,111
106,112
107,112
108,112
109,112
111,112
106,113
108,113
110,113
111,113
99,114
114,115
114,116
115,116
114,117
115,117
116,117
114,118
115,118
116,118
117,118
114,119
115,119
117,119
118,119
120,121
120,122
121,122
120,123
121,123
122,123
122,124
123,124
76,125
74,126
75,126
77,126
125,126
74,127
76,127
77,127
125,127
126,127
74,128
125,128
126,128
127,128
126,129
127,129
128,129
72,130
73,130
77,130
125,130
129,130
72,131
126,131
129,131
130,131
75,132
76,132
126,132
127,132
128,132
129,132
130,132
125,133
127,133
128,133
129,133
130,133
131,133
75,134
77,134
126,134
127,134
129,134
130,134
131,134
132,134
133,134
126,135
127,135
129,135
131,135
133,135
134,135
74,136
126,136
128,136
129,136
130,136
131,136
132,136
133,136
134,136
126,137
127,137
129,137
130,137
131,137
132,137
134,137
135,137
72,138
129,138
130,138
131,138
139,140
139,141
140,141
139,142
140,142
141,142
139,143
141,143
142,143
139,144
140,144
142,144
143,144
139,145
140,145
141,145
142,145
143,145
144,145
106,146
107,146
146,147
146,148
147,148
106,149
112,149
146,149
148,149
146,150
147,150
148,150
106,151
146,151
147,151
148,151
149,151
150,151
107,152
146,152
148,152
150,152
151,152
106,153
107,153
146,153
147,153
151,153
152,153
146,154
148,154
149,154
150,154
151,154
155,156
155,157
156,157
155,158
156,158
155,159
156,159
157,159
158,159
155,160
156,160
157,160
155,161
156,161
157,161
158,161
159,161
160,161
155,162
156,162
157,162
158,162
159,162
160,162
155,163
156,163
157,163
159,163
161,163
162,163
159,164
159,165
161,165
163,165
164,165
161,166
163,166
164,166
165,166
163,167
164,167
166,167
164,168
165,168
166,168
167,168
169,170
169,171
169,172
170,172
171,172
170,173
171,173
172,173
174,175
174,176
175,176
174,177
175,177
176,177
174,178
177,178
174,179
177,179
178,179
174,180
175,180
176,180
177,180
178,180
179,180
174,181
175,181
176,181
177,181
179,181
174,182
177,182
178,182
181,182
174,183
177,183
178,183
180,183
181,183
182,183
174,184
177,184
178,184
179,184
180,184
181,184
182,184
183,184
174,185
175,185
176,185
177,185
178,185
180,185
186,187
186,188
187,188
186,189
188,189
186,190
187,190
188,190
186,191
188,191
189,191
190,191
186,192
187,192
188,192
190,192
191,192
186,193
187,193
188,193
190,193
186,194
188,194
190,194
193,194
178,195
180,195
41,196
174,196
178,196
183,196
195,196
178,197
180,197
195,197
196,197
195,198
38,199
41,199
174,199
178,199
183,199
195,199
196,199
198,199
174,200
176,200
180,200
182,200
184,200
195,200
197,200
198,200
174,201
183,201
184,201
195,201
196,201
198,201
199,201
200,201
175,202
176,202
180,202
195,202
196,202
197,202
198,202
200,202
174,203
176,203
180,203
195,203
196,203
197,203
198,203
199,203
200,203
201,203
202,203
204,205
204,206
205,206
204,207
206,207
204,208
207,208
204,209
206,209
207,209
204,210
205,210
207,210
208,210
209,210
204,211
207,211
208,211
209,211
204,212
205,212
206,212
207,212
208,212
209,212
211,212
204,213
205,213
207,213
208,213
209,213
211,213
212,213
204,214
207,214
209,214
211,214
204,215
205,215
207,215
210,215
216,217
216,218
217,218
216,219
217,219
216,220
217,220
218,220
219,220
216,221
217,221
219,221
220,221
216,222
220,222
221,222
216,223
218,223
219,223
220,223
221,223
222,223
216,224
221,224
222,224
216,225
222,225
224,225
216,226
222,226
225,226
216,227
219,227
220,227
221,227
222,227
223,227
224,227
225,227
216,228
221,228
222,228
224,228
225,228
226,228
227,228
14,229
15,229
229,230
229,231
229,232
231,232
229,233
230,233
231,233
229,234
230,234
231,234
232,234
229,235
230,235
231,235
232,235
233,235
229,236
230,236
231,236
232,236
233,236
235,236
229,237
231,237
232,237
236,237
229,238
230,238
231,238
232,238
234,238
235,238
236,238
229,239
230,239
231,239
232,239
233,239
236,239
237,239
238,239
229,240
231,240
232,240
235,240
237,240
238,240
239,240
229,241
231,241
233,241
235,241
236,241
237,241
238,241
239,241
229,242
230,242
232,242
235,242
236,242
229,243
231,243
232,243
233,243
235,243
239,243
240,243
242,243
22,244
23,244
229,244
230,244
232,244
242,244
115,245
118,245
114,246
117,246
119,246
245,246
117,247
118,247
245,247
246,247
119,248
245,248
246,248
247,248
115,249
117,249
118,249
246,249
247,249
248,249
13,250
14,250
20,250
22,250
23,250
231,250
250,251
20,252
250,252
251,252
250,253
251,253
252,253
250,254
251,254
252,254
253,254
250,255
251,255
252,255
253,255
254,255
250,256
251,256
252,256
253,256
255,256
250,257
251,257
252,257
253,257
254,257
250,258
251,258
252,258
254,258
256,258
250,259
252,259
255,259
250,260
258,260
250,261
252,261
254,261
258,261
250,262
253,262
255,262
256,262
258,262
260,262
261,262
250,263
259,263
262,263
250,264
251,264
252,264
257,264
259,264
261,264
14,265
17,265
250,265
256,265
259,265
260,265
261,265
263,265
266,267
266,268
267,268
266,269
266,270
267,270
269,270
266,271
267,271
266,272
267,272
270,272
266,273
267,273
272,273
38,274
199,274
266,274
267,274
268,274
271,274
266,275
267,275
268,275
269,275
270,275
272,275
273,275
274,275
38,276
199,276
266,276
267,276
268,276
269,276
270,276
271,276
272,276
273,276
274,276
275,276
266,277
269,277
271,277
273,277
274,277
276,277
278,279
278,280
279,280
278,281
278,282
279,282
280,282
278,283
279,283
280,283
281,283
278,284
279,284
281,284
282,284
283,284
278,285
280,285
282,285
284,285
278,286
280,286
281,286
282,286
283,286
284,286
278,287
280,287
284,287
285,287
286,287
278,288
279,288
280,288
282,288
284,288
285,288
286,288
287,288
289,290
289,291
290,291
289,292
290,292
291,292
289,293
291,293
292,293
289,294
290,294
291,294
292,294
289,295
290,295
291,295
293,295
289,296
290,296
291,296
292,296
293,296
294,296
295,296
289,297
291,297
292,297
293,297
294,297
295,297
296,297
289,298
291,298
292,298
293,298
294,298
295,298
296,298
297,298
289,299
291,299
292,299
293,299
294,299
295,299
297,299
298,299
107,300
111,300
146,300
152,300
154,300
149,301
151,301
300,301
110,302
300,302
301,302
147,303
300,303
301,303
150,304
300,304
300,305
303,305
304,305
107,306
110,306
146,306
152,306
154,306
300,306
302,306
303,306
304,306
305,306
300,307
304,307
305,307
306,307
150,308
300,308
301,308
302,308
304,308
307,308
106,309
112,309
151,309
152,309
300,309
305,309
148,310
300,310
304,310
305,310
229,311
231,311
236,311
239,311
19,312
229,312
231,312
236,312
239,312
311,312
229,313
232,313
238,313
311,313
312,313
14,314
15,314
19,314
21,314
22,314
23,314
24,314
229,314
231,314
235,314
236,314
250,314
311,314
312,314
14,315
229,315
311,315
312,315
311,316
312,316
315,316
317,318
317,319
318,319
317,320
318,320
319,320
317,321
318,321
319,321
320,321
317,322
319,322
320,322
321,322
317,323
318,323
319,323
320,323
321,323
322,323
324,325
324,326
325,326
324,327
326,327
324,328
325,328
326,328
327,328
324,329
325,329
326,329
327,329
324,330
325,330
326,330
327,330
329,330
324,331
325,331
326,331
327,331
329,331
330,331
324,332
326,332
327,332
328,332
329,332
330,332
331,332
170,333
173,333
333,334
333,335
334,335
173,336
333,336
335,336
333,337
334,337
335,337
336,337
170,338
333,338
334,338
336,338
333,339
334,339
335,339
336,339
337,339
338,339
169,340
170,340
173,340
333,340
335,340
336,340
337,340
338,340
339,340
333,341
334,341
336,341
337,341
338,341
339,341
340,341
333,342
334,342
335,342
336,342
337,342
338,342
339,342
340,342
341,342
13,343
14,343
15,343
17,343
343,344
343,345
344,345
343,346
344,346
345,346
343,347
344,347
345,347
346,347
300,349
348,349
348,350
349,350
348,351
349,351
350,351
348,352
349,352
351,352
348,353
350,353
352,353
348,354
349,354
351,354
352,354
300,355
309,355
348,355
349,355
350,355
351,355
352,355
354,355
348,356
349,356
352,356
353,356
354,356
355,356
348,357
354,357
355,357
348,358
349,358
350,358
351,358
354,358
355,358
75,359
77,359
129,359
131,359
132,359
359,360
129,361
131,361
135,361
359,361
126,362
127,362
134,362
136,362
359,362
360,362
126,363
359,363
360,363
361,363
362,363
126,364
127,364
128,364
359,364
362,364
126,365
135,365
138,365
359,365
360,365
363,365
364,365
74,366
126,366
127,366
136,366
359,366
360,366
362,366
363,366
365,366
367,368
367,369
368,369
59,370
367,370
368,370
367,371
368,371
369,371
370,371
1,372
6,372
10,372
367,372
368,372
369,372
370,372
371,372
367,373
368,373
369,373
370,373
371,373
372,373
218,375
227,375
374,375
219,376
227,376
374,376
375,376
219,377
223,377
374,377
375,377
376,377
374,378
375,378
374,379
376,379
377,379
378,379
374,380
375,380
376,380
377,380
374,381
375,381
377,381
379,381
380,381
374,382
376,382
379,382
374,383
375,383
377,383
379,383
219,384
222,384
227,384
374,384
375,384
376,384
377,384
378,384
379,384
383,384
143,385
190,385
385,386
385,387
385,388
386,388
387,388
385,389
387,389
385,390
386,390
387,390
388,390
389,390
385,391
387,391
388,391
390,391
385,392
386,392
387,392
389,392
390,392
391,392
385,393
387,393
388,393
390,393
391,393
392,393
190,394
385,394
386,394
387,394
388,394
392,394
385,395
386,395
387,395
394,395
192,396
385,396
386,396
393,396
394,396
395,396
385,397
391,397
393,397
394,397
385,398
386,398
387,398
391,398
393,398
396,398
397,398
385,399
388,399
391,399
393,399
396,399
397,399
385,400
386,400
387,400
388,400
396,400
397,400
398,400
385,401
395,401
396,401
397,401
399,401
192,402
385,402
386,402
395,402
396,402
399,402
400,402
401,402
385,403
386,403
388,403
391,403
394,403
395,403
396,403
397,403
401,403
385,404
386,404
391,404
393,404
394,404
395,404
396,404
399,404
402,404
403,404
385,405
386,405
390,405
397,405
399,405
400,405
401,405
402,405
403,405
404,405
385,406
386,406
394,406
395,406
396,406
399,406
400,406
401,406
402,406
404,406
98,407
99,407
100,407
102,407
104,407
98,408
103,408
105,408
407,408
100,409
102,409
407,409
102,410
105,410
407,410
408,410
409,410
99,411
407,411
409,411
104,412
407,412
409,412
99,413
101,413
102,413
407,413
408,413
409,413
410,413
411,413
412,413
407,414
409,414
410,414
413,414
99,415
407,415
408,415
411,415
412,415
413,415
414,415
416,417
416,418
417,418
416,419
417,419
418,419
416,420
417,420
418,420
416,421
417,421
418,421
419,421
420,421
416,422
418,422
420,422
416,423
417,423
418,423
419,423
420,423
422,423
416,424
417,424
418,424
419,424
420,424
422,424
423,424
416,425
418,425
419,425
420,425
217,426
219,426
223,426
225,426
374,426
228,427
426,427
218,428
220,428
222,428
426,428
228,429
374,429
380,429
426,429
225,430
374,430
379,430
426,430
427,430
428,430
216,431
226,431
228,431
426,431
427,431
430,431
216,432
223,432
377,432
380,432
426,432
427,432
429,432
225,433
226,433
228,433
383,433
426,433
427,433
428,433
429,433
430,433
216,434
226,434
228,434
426,434
427,434
429,434
430,434
433,434
216,435
217,435
382,435
426,435
428,435
429,435
430,435
434,435
217,436
219,436
221,436
426,436
427,436
429,436
430,436
431,436
432,436
433,436
434,436
216,437
219,437
382,437
426,437
427,437
430,437
433,437
434,437
435,437
438,439
247,440
438,440
439,441
440,441
439,442
440,442
441,442
438,443
439,443
441,443
442,443
439,444
440,444
441,444
442,444
443,444
440,445
441,445
443,445
444,445
440,446
441,446
442,446
443,446
444,446
440,447
441,447
442,447
443,447
444,447
438,448
440,448
441,448
443,448
444,448
446,448
447,448
441,449
442,449
444,449
446,449
448,449
450,451
450,452
451,452
396,453
450,453
451,453
452,453
450,454
451,454
452,454
453,454
450,455
451,455
452,455
453,455
454,455
456,457
31,458
32,458
33,458
456,458
457,458
456,459
457,459
457,460
458,460
35,461
457,461
459,461
456,462
457,462
458,462
459,462
461,462
457,463
458,463
461,463
31,464
229,464
457,464
458,464
460,464
461,464
463,464
457,465
458,465
459,465
460,465
462,465
457,466
458,466
337,467
467,468
336,469
337,469
467,469
468,469
337,470
467,470
468,470
469,470
336,471
337,471
467,471
470,471
467,472
468,472
469,472
470,472
471,472
337,473
467,473
468,473
469,473
470,473
472,473
467,474
468,474
469,474
470,474
471,474
472,474
473,474
467,475
468,475
469,475
470,475
471,475
472,475
473,475
474,475
190,477
394,477
396,477
476,477
192,478
193,478
476,478
477,478
189,479
193,479
194,479
385,479
404,479
476,479
477,479
478,479
186,480
194,480
476,480
477,480
478,480
479,480
481,482
481,483
482,483
123,484
481,484
482,484
483,484
481,485
483,485
484,485
481,486
483,486
484,486
120,487
121,487
123,487
123,488
484,488
487,488
487,489
488,489
487,490
488,490
489,490
487,491
488,491
490,491
121,492
487,492
488,492
489,492
490,492
487,493
488,493
489,493
490,493
491,493
121,494
487,494
488,494
490,494
491,494
493,494
487,495
488,495
490,495
491,495
494,495
123,496
487,496
488,496
490,496
491,496
493,496
494,496
495,496
441,497
445,497
440,498
447,498
497,498
437,499
440,499
442,499
447,499
497,499
498,499
424,500
445,500
449,500
497,500
498,500
499,500
445,501
497,501
498,501
499,501
500,501
416,502
418,502
421,502
422,502
423,502
424,502
216,503
385,503
416,503
418,503
419,503
420,503
422,503
424,503
425,503
464,503
499,503
502,503
416,504
418,504
421,504
502,504
503,504
420,505
502,505
503,505
504,505
420,506
423,506
424,506
502,506
503,506
504,506
505,506
416,507
419,507
420,507
502,507
503,507
504,507
506,507
12,508
13,508
14,508
15,508
17,508
259,508
29,509
250,509
508,509
14,510
20,510
29,510
508,510
509,510
13,511
14,511
15,511
16,511
29,511
315,511
508,511
509,511
510,511
343,512
508,512
510,512
511,512
343,513
345,513
508,513
509,513
510,513
511,513
512,513
15,514
29,514
347,514
508,514
509,514
510,514
511,514
512,514
513,514
508,515
512,515
344,516
345,516
346,516
508,516
510,516
511,516
514,516
515,516
344,517
345,517
508,517
510,517
512,517
516,517
344,518
508,518
510,518
511,518
514,518
516,518
517,518
229,519
344,519
347,519
464,519
508,519
511,519
514,519
517,519
508,520
510,520
511,520
514,520
515,520
516,520
517,520
519,520
12,521
13,521
14,521
15,521
344,521
346,521
508,521
511,521
514,521
516,521
517,521
518,521
519,521
12,522
17,522
346,522
508,522
511,522
512,522
513,522
515,522
519,522
520,522
344,523
345,523
508,523
509,523
511,523
514,523
519,523
522,523
508,524
512,524
513,524
514,524
521,524
522,524
16,525
508,525
511,525
514,525
519,525
521,525
344,526
346,526
508,526
514,526
516,526
518,526
519,526
521,526
523,526
344,527
508,527
511,527
514,527
516,527
519,527
521,527
508,528
511,528
513,528
514,528
515,528
522,528
523,528
526,528
527,528
1,529
54,529
56,529
60,529
14,530
296,530
529,530
6,531
8,531
529,531
4,532
6,532
8,532
529,532
530,532
531,532
529,533
530,533
531,533
532,533
370,534
372,534
529,534
530,534
8,535
529,535
530,535
532,535
533,535
534,535
529,536
530,536
531,536
533,536
535,536
4,537
8,537
60,537
369,537
529,537
531,537
532,537
535,537
278,538
281,538
282,538
285,538
286,538
288,538
284,539
285,539
538,539
278,540
538,540
539,540
538,541
539,541
540,541
282,542
285,542
287,542
288,542
538,542
539,542
540,542
541,542
278,543
288,543
538,543
539,543
540,543
541,543
542,543
538,544
540,544
541,544
543,544
538,545
540,545
541,545
538,546
539,546
543,546
545,546
538,547
539,547
540,547
541,547
544,547
545,547
546,547
538,548
540,548
542,548
543,548
545,548
546,548
547,548
538,549
541,549
542,549
545,549
546,549
547,549
538,550
540,550
541,550
542,550
544,550
547,550
549,550
538,551
542,551
546,551
547,551
550,551
251,552
253,552
261,552
250,553
261,553
511,553
514,553
519,553
552,553
18,554
20,554
25,554
265,554
552,554
552,555
553,555
554,555
250,556
251,556
254,556
260,556
552,556
553,556
554,556
260,557
265,557
552,557
553,557
554,557
555,557
556,557
251,558
260,558
261,558
552,558
553,558
556,558
557,558
552,559
553,559
555,559
556,559
557,559
552,560
553,560
554,560
555,560
556,560
557,560
559,560
250,561
257,561
552,561
553,561
554,561
556,561
558,561
559,561
4,563
367,563
532,563
537,563
562,563
562,564
4,565
7,565
562,565
563,565
289,566
293,566
296,566
367,566
531,566
562,566
563,566
193,567
385,567
402,567
476,567
477,567
479,567
190,568
192,568
194,568
477,568
478,568
567,568
190,569
191,569
385,569
394,569
404,569
477,569
478,569
480,569
567,569
568,569
186,570
189,570
190,570
476,570
567,570
568,570
569,570
186,571
193,571
476,571
478,571
479,571
567,571
568,571
569,571
570,571
192,572
193,572
404,572
476,572
477,572
478,572
480,572
567,572
569,572
570,572
571,572
186,573
189,573
567,573
568,573
569,573
571,573
186,574
189,574
404,574
567,574
570,574
571,574
572,574
573,574
186,575
191,575
477,575
478,575
479,575
567,575
570,575
571,575
572,575
574,575
222,576
427,576
433,576
381,577
576,577
222,578
375,578
380,578
382,578
429,578
435,578
576,578
577,578
375,579
378,579
426,579
427,579
434,579
576,579
578,579
378,580
426,580
427,580
576,580
577,580
579,580
216,581
380,581
576,581
578,581
579,581
580,581
582,583
582,584
583,584
582,585
583,585
584,585
582,586
583,586
584,586
585,586
582,587
583,587
584,587
586,587
481,588
486,588
123,589
482,589
483,589
485,589
486,589
588,589
482,590
483,590
484,590
485,590
487,590
488,590
494,590
588,590
589,590
481,591
484,591
486,591
589,591
590,591
481,592
482,592
484,592
485,592
493,592
589,592
591,592
121,593
481,593
483,593
485,593
486,593
493,593
496,593
589,593
592,593
481,594
483,594
484,594
485,594
486,594
493,594
589,594
590,594
591,594
592,594
593,594
336,595
337,595
467,595
471,595
472,595
475,595
206,596
207,596
595,596
208,597
214,597
595,597
208,598
209,598
211,598
212,598
336,598
595,598
596,598
207,599
209,599
467,599
595,599
596,599
597,599
598,599
208,600
212,600
595,600
596,600
597,600
598,600
599,600
204,601
207,601
209,601
211,601
213,601
595,601
596,601
597,601
598,601
599,601
600,601
208,602
209,602
334,602
336,602
337,602
467,602
471,602
472,602
595,602
596,602
597,602
598,602
599,602
600,602
601,602
204,603
212,603
334,603
595,603
597,603
598,603
599,603
600,603
601,603
602,603
208,604
595,604
596,604
598,604
599,604
600,604
601,604
602,604
603,604
85,605
96,605
605,606
605,607
606,607
96,608
605,608
606,608
607,608
605,609
606,609
607,609
608,609
463,610
466,610
610,611
35,612
458,612
461,612
464,612
610,612
611,612
457,613
610,613
611,613
610,614
611,614
612,614
613,614
35,615
461,615
464,615
610,615
611,615
613,615
614,615
610,616
611,616
612,616
613,616
614,616
462,617
610,617
612,617
613,617
615,617
616,617
37,618
460,618
462,618
466,618
610,618
612,618
617,618
462,619
465,619
466,619
610,619
612,619
613,619
614,619
615,619
618,619
458,620
463,620
610,620
611,620
612,620
614,620
618,620
619,620
385,621
461,621
464,621
610,621
611,621
612,621
616,621
31,622
37,622
229,622
385,622
396,622
458,622
464,622
466,622
503,622
610,622
612,622
614,622
616,622
618,622
619,622
621,622
466,623
610,623
616,623
618,623
619,623
622,623
487,624
488,624
491,624
492,624
496,624
123,625
124,625
484,625
488,625
593,625
624,625
123,626
124,626
488,626
589,626
624,626
625,626
487,627
490,627
496,627
592,627
594,627
624,627
626,627
624,628
626,628
627,628
121,629
122,629
492,629
593,629
594,629
624,629
626,629
627,629
120,630
123,630
487,630
491,630
496,630
624,630
625,630
627,630
628,630
123,631
593,631
624,631
625,631
626,631
628,631
629,631
630,631
121,632
122,632
593,632
594,632
624,632
625,632
627,632
629,632
631,632
169,633
334,633
337,633
338,633
470,633
595,633
599,633
602,633
603,633
338,634
341,634
633,634
172,635
341,635
633,635
634,635
172,636
341,636
633,636
634,636
635,636
171,637
336,637
603,637
633,637
636,637
173,638
333,638
633,638
637,638
341,639
467,639
470,639
595,639
602,639
633,639
634,639
637,639
638,639
333,640
340,640
633,640
637,640
638,640
633,641
634,641
635,641
636,641
640,641
633,642
636,642
638,642
639,642
641,642
348,643
349,643
350,643
352,643
355,643
643,644
348,645
349,645
351,645
353,645
355,645
358,645
643,645
644,645
348,646
351,646
355,646
357,646
643,646
644,646
645,646
349,647
354,647
643,647
644,647
645,647
349,648
351,648
352,648
353,648
355,648
358,648
643,648
644,648
645,648
646,648
647,648
349,649
350,649
352,649
354,649
643,649
644,649
645,649
646,649
647,649
351,650
354,650
355,650
357,650
643,650
645,650
646,650
647,650
648,650
649,650
324,651
326,651
327,651
375,651
327,652
329,652
330,652
332,652
651,652
247,653
324,653
326,653
330,653
331,653
332,653
375,653
418,653
427,653
503,653
651,653
652,653
324,654
326,654
327,654
331,654
435,654
499,654
651,654
652,654
653,654
324,655
651,655
652,655
653,655
654,655
324,656
327,656
651,656
654,656
655,656
216,657
324,657
376,657
418,657
423,657
500,657
651,657
652,657
653,657
655,657
656,657
324,658
331,658
332,658
375,658
376,658
427,658
651,658
652,658
653,658
654,658
655,658
656,658
657,658
46,659
47,659
49,659
50,659
47,660
48,660
659,660
46,661
47,661
659,661
660,661
44,662
659,662
661,662
46,663
50,663
659,663
46,664
53,664
659,664
660,664
663,664
49,665
114,665
659,665
661,665
662,665
664,665
44,666
45,666
47,666
49,666
51,666
52,666
659,666
660,666
661,666
662,666
664,666
320,667
320,668
322,668
667,668
318,669
322,669
667,669
668,669
317,670
322,670
667,670
669,670
317,671
319,671
322,671
667,671
670,671
317,672
320,672
322,672
667,672
668,672
669,672
670,672
671,672
638,673
641,673
642,673
340,674
641,674
642,674
673,674
333,675
338,675
340,675
341,675
673,675
674,675
337,676
340,676
638,676
639,676
673,676
674,676
675,676
673,677
674,677
675,677
676,677
334,678
336,678
337,678
603,678
633,678
673,678
674,678
675,678
676,678
334,679
335,679
336,679
598,679
603,679
639,679
641,679
673,679
674,679
675,679
676,679
677,679
678,679
539,680
546,680
547,680
680,681
278,682
282,682
283,682
284,682
286,682
540,682
542,682
680,682
681,682
538,683
543,683
548,683
680,683
681,683
682,683
538,684
543,684
680,684
682,684
683,684
281,685
283,685
285,685
287,685
539,685
542,685
547,685
680,685
681,685
682,685
683,685
684,685
680,686
681,686
682,686
683,686
684,686
291,687
293,687
295,687
296,687
297,687
298,687
298,688
687,688
289,689
295,689
298,689
687,689
688,689
289,690
291,690
292,690
295,690
296,690
297,690
298,690
687,690
688,690
689,690
291,691
298,691
687,691
688,691
689,691
690,691
289,692
291,692
293,692
296,692
297,692
566,692
687,692
688,692
689,692
690,692
691,692
65,693
69,693
71,693
65,694
71,694
693,694
62,695
69,695
71,695
693,695
694,695
62,696
63,696
69,696
693,696
695,696
63,697
65,697
70,697
693,697
696,697
693,698
694,698
695,698
697,698
62,699
63,699
65,699
69,699
693,699
695,699
697,699
698,699
250,700
253,700
254,700
258,700
556,700
561,700
250,701
254,701
258,701
265,701
556,701
700,701
17,702
258,702
525,702
556,702
700,702
701,702
250,703
253,703
700,703
701,703
258,704
700,704
701,704
703,704
250,705
257,705
556,705
700,705
702,705
250,706
514,706
519,706
525,706
700,706
701,706
702,706
704,706
250,707
254,707
258,707
700,707
702,707
704,707
705,707
706,707
259,708
263,708
554,708
556,708
560,708
700,708
701,708
705,708
18,709
23,709
560,709
700,709
702,709
704,709
705,709
706,709
708,709
15,710
17,710
265,710
552,710
554,710
700,710
701,710
702,710
704,710
706,710
708,710
35,711
458,711
459,711
460,711
461,711
612,711
615,711
622,711
711,712
460,713
461,713
615,713
711,713
712,713
458,714
464,714
711,714
713,714
711,715
714,715
33,716
458,716
459,716
612,716
618,716
622,716
711,716
714,716
711,717
712,717
714,717
715,717
716,717
465,718
612,718
617,718
711,718
717,718
465,719
619,719
623,719
711,719
712,719
715,719
716,719
717,719
35,720
458,720
622,720
711,720
718,720
719,720
711,721
715,721
716,721
719,721
458,722
464,722
622,722
711,722
714,722
715,722
717,722
719,722
720,722
721,722
723,724
723,725
723,726
725,726
146,727
152,727
648,727
723,727
725,727
726,727
723,728
724,728
725,728
726,728
727,728
610,729
611,729
613,729
619,729
623,729
31,730
35,730
460,730
729,730
612,731
620,731
729,731
730,731
613,732
619,732
719,732
721,732
729,732
730,732
731,732
458,733
463,733
622,733
711,733
714,733
716,733
720,733
722,733
729,733
732,733
610,734
611,734
615,734
616,734
620,734
622,734
729,734
730,734
732,734
458,735
610,735
611,735
620,735
729,735
730,735
732,735
733,735
734,735
458,736
463,736
610,736
616,736
619,736
622,736
729,736
730,736
733,736
734,736
463,737
610,737
729,737
732,737
733,737
734,737
736,737
610,738
616,738
617,738
619,738
622,738
729,738
732,738
734,738
736,738
107,739
111,739
300,739
309,739
102,740
111,740
121,740
309,740
488,740
739,740
739,741
740,741
109,742
309,742
310,742
739,742
741,742
111,743
146,743
152,743
739,743
740,743
741,743
161,745
164,745
165,745
744,745
744,746
745,746
744,747
746,747
744,748
745,748
746,748
747,748
410,749
413,749
582,749
585,749
586,749
409,750
411,750
582,750
584,750
749,750
583,751
586,751
587,751
749,751
750,751
102,752
409,752
413,752
487,752
582,752
749,752
750,752
751,752
411,753
582,753
587,753
749,753
750,753
752,753
409,754
410,754
413,754
414,754
582,754
584,754
586,754
587,754
749,754
750,754
752,754
753,754
102,755
409,755
415,755
587,755
740,755
749,755
750,755
753,755
754,755
62,757
756,757
695,758
756,758
274,759
385,759
453,759
695,759
756,759
757,759
758,759
756,760
757,760
759,760
756,761
758,761
759,761
760,761
756,762
757,762
758,762
759,762
756,763
757,763
758,763
760,763
761,763
764,765
764,766
765,766
764,767
765,767
766,767
178,768
196,768
199,768
764,768
765,768
766,768
767,768
764,769
766,769
768,769
199,770
337,770
396,770
759,770
764,770
765,770
766,770
767,770
768,770
769,770
759,771
764,771
766,771
767,771
768,771
769,771
770,771
759,772
764,772
765,772
766,772
767,772
768,772
771,772
44,773
46,773
49,773
50,773
659,773
47,774
49,774
118,774
247,774
664,774
665,774
773,774
44,775
49,775
659,775
662,775
665,775
666,775
773,775
774,775
44,776
659,776
660,776
661,776
662,776
666,776
773,776
775,776
47,777
48,777
660,777
661,777
773,777
774,777
775,777
44,778
48,778
773,778
774,778
775,778
776,778
45,779
49,779
773,779
774,779
775,779
776,779
777,779
778,779
659,780
665,780
666,780
773,780
775,780
776,780
47,781
660,781
661,781
773,781
774,781
775,781
777,781
778,781
44,782
52,782
666,782
773,782
774,782
775,782
776,782
778,782
178,783
199,783
266,783
272,783
273,783
275,783
277,783
696,783
271,784
273,784
277,784
783,784
178,785
266,785
271,785
272,785
273,785
274,785
276,785
783,785
784,785
267,786
272,786
273,786
276,786
783,786
784,786
785,786
783,787
784,787
785,787
783,788
784,788
785,788
786,788
787,788
266,789
267,789
272,789
273,789
274,789
276,789
277,789
783,789
784,789
785,789
786,789
787,789
272,790
274,790
275,790
276,790
277,790
783,790
784,790
785,790
786,790
787,790
275,791
783,791
784,791
785,791
787,791
789,791
790,791
273,792
783,792
785,792
787,792
788,792
789,792
317,793
318,793
319,793
670,793
672,793
670,794
672,794
793,794
318,795
319,795
322,795
668,795
670,795
672,795
793,795
794,795
667,796
671,796
672,796
793,796
795,796
793,797
795,797
796,797
317,798
319,798
669,798
793,798
794,798
795,798
796,798
317,799
319,799
667,799
669,799
670,799
793,799
795,799
796,799
797,799
798,799
72,800
126,800
127,800
134,800
72,801
77,801
78,801
127,801
128,801
138,801
359,801
360,801
442,801
497,801
498,801
800,801
130,802
131,802
136,802
800,802
127,803
138,803
360,803
800,803
801,803
802,803
125,804
360,804
800,804
801,804
802,804
803,804
114,805
118,805
155,805
158,805
167,805
168,805
168,806
805,806
158,807
168,807
805,807
806,807
155,808
805,808
807,808
155,809
156,809
805,809
806,809
807,809
808,809
158,810
805,810
806,810
807,810
805,811
806,811
807,811
808,811
810,811
118,812
155,812
168,812
805,812
806,812
808,812
809,812
810,812
805,813
806,813
807,813
808,813
809,813
810,813
811,813
812,813
156,814
805,814
807,814
808,814
809,814
810,814
811,814
812,814
813,814
14,815
23,815
510,815
514,815
519,815
250,816
561,816
815,816
556,817
702,817
710,817
815,817
816,817
250,818
253,818
710,818
815,818
816,818
817,818
815,819
816,819
817,819
818,819
815,820
817,820
818,820
819,820
556,821
702,821
815,821
816,821
817,821
818,821
819,821
820,821
519,822
815,822
817,822
818,822
819,822
820,822
821,822
40,823
42,823
43,823
39,824
41,824
823,824
823,825
824,825
38,826
39,826
41,826
783,826
789,826
823,826
824,826
825,826
38,827
39,827
40,827
41,827
178,827
266,827
783,827
823,827
824,827
825,827
826,827
38,828
40,828
42,828
195,828
196,828
272,828
823,828
824,828
826,828
827,828
38,829
39,829
40,829
823,829
824,829
825,829
826,829
828,829
8,830
10,830
56,830
59,830
293,830
369,830
529,830
535,830
537,830
566,830
9,831
60,831
371,831
529,831
534,831
830,831
59,832
370,832
562,832
830,832
529,833
562,833
830,833
831,833
832,833
367,834
562,834
563,834
565,834
830,834
831,834
832,834
833,834
9,835
54,835
56,835
57,835
59,835
368,835
373,835
566,835
830,835
832,835
833,835
60,836
529,836
830,836
831,836
832,836
833,836
57,837
58,837
59,837
373,837
562,837
830,837
831,837
832,837
833,837
834,837
835,837
368,838
373,838
562,838
564,838
830,838
831,838
832,838
833,838
834,838
835,838
837,838
2,839
9,839
564,839
830,839
831,839
832,839
835,839
837,839
838,839
367,840
370,840
562,840
830,840
833,840
834,840
835,840
837,840
838,840
1,841
54,841
56,841
58,841
59,841
289,841
371,841
372,841
373,841
566,841
830,841
835,841
837,841
840,841
369,842
372,842
373,842
830,842
833,842
840,842
653,843
580,844
843,844
220,845
379,845
843,845
844,845
216,846
247,846
332,846
424,846
499,846
503,846
654,846
843,846
844,846
426,847
429,847
435,847
843,847
844,847
845,847
846,847
756,848
757,848
760,848
763,848
756,849
757,849
760,849
848,849
756,850
757,850
760,850
761,850
763,850
848,850
849,850
757,851
758,851
759,851
848,851
849,851
850,851
758,852
848,852
849,852
695,853
756,853
759,853
762,853
848,853
849,853
851,853
79,854
85,854
95,854
80,855
85,855
87,855
89,855
90,855
93,855
854,855
83,856
87,856
89,856
91,856
854,856
84,857
85,857
90,857
605,857
854,857
855,857
856,857
86,858
88,858
93,858
95,858
854,858
855,858
856,858
857,858
146,859
492,859
743,859
107,860
146,860
743,860
859,860
859,861
860,861
727,862
859,862
860,862
861,862
859,863
860,863
861,863
862,863
107,864
310,864
409,864
859,864
861,864
862,864
859,865
860,865
861,865
862,865
863,865
864,865
740,866
859,866
861,866
862,866
863,866
865,866
450,867
452,867
453,867
455,867
757,867
451,868
452,868
453,868
759,868
867,868
451,869
454,869
455,869
867,869
868,869
450,870
453,870
454,870
867,870
868,870
869,870
451,871
452,871
867,871
870,871
450,872
452,872
867,872
868,872
869,872
870,872
871,872
116,873
114,874
119,874
247,874
248,874
774,874
873,874
873,875
114,876
873,876
115,877
117,877
118,877
119,877
245,877
247,877
665,877
774,877
873,877
874,877
875,877
876,877
248,878
874,878
876,878
877,878
119,879
874,879
875,879
876,879
877,879
119,880
247,880
874,880
875,880
876,880
877,880
878,880
879,880
248,881
875,881
877,881
878,881
879,881
114,882
248,882
874,882
875,882
876,882
877,882
878,882
879,882
881,882
115,883
117,883
118,883
119,883
247,883
874,883
875,883
876,883
877,883
878,883
879,883
880,883
881,883
117,884
167,884
245,884
874,884
875,884
877,884
879,884
880,884
883,884
116,885
874,885
877,885
878,885
879,885
881,885
882,885
883,885
873,886
874,886
876,886
877,886
878,886
879,886
880,886
884,886
119,887
873,887
874,887
875,887
877,887
878,887
881,887
119,888
874,888
877,888
878,888
879,888
880,888
881,888
882,888
885,888
887,888
276,889
760,889
761,889
764,889
768,889
770,889
771,889
772,889
767,890
768,890
770,890
889,890
769,891
770,891
771,891
772,891
853,891
889,891
890,891
764,892
768,892
772,892
889,892
890,892
199,893
385,893
396,893
595,893
764,893
768,893
771,893
772,893
853,893
868,893
889,893
891,893
892,893
889,894
890,894
891,894
893,894
767,895
889,895
890,895
891,895
893,895
894,895
199,896
694,896
696,896
759,896
764,896
768,896
770,896
889,896
890,896
891,896
893,896
895,896
767,897
889,897
891,897
895,897
896,897
764,898
765,898
772,898
889,898
893,898
769,899
770,899
889,899
891,899
893,899
895,899
897,899
764,900
889,900
895,900
897,900
889,901
890,901
893,901
895,901
897,901
898,901
900,901
769,902
771,902
889,902
890,902
894,902
895,902
898,902
900,902
901,902
764,903
765,903
768,903
772,903
889,903
893,903
895,903
897,903
901,903
902,903
725,904
727,904
728,904
723,905
724,905
726,905
728,905
904,905
723,906
726,906
728,906
904,906
723,907
724,907
727,907
728,907
859,907
861,907
862,907
865,907
904,907
905,907
906,907
723,908
727,908
861,908
863,908
865,908
904,908
905,908
906,908
907,908
349,909
862,909
863,909
121,910
487,910
755,910
909,910
349,911
740,911
741,911
742,911
859,911
861,911
862,911
865,911
909,911
102,912
740,912
741,912
755,912
862,912
865,912
909,912
911,912
349,913
740,913
743,913
862,913
863,913
909,913
910,913
911,913
912,913
547,914
549,914
550,914
680,914
686,914
278,915
283,915
287,915
538,915
546,915
682,915
685,915
914,915
546,916
548,916
550,916
914,916
915,916
538,917
539,917
542,917
543,917
546,917
551,917
685,917
914,917
915,917
542,918
546,918
914,918
915,918
546,919
685,919
914,919
915,919
917,919
918,919
550,920
914,920
915,920
916,920
918,920
919,920
539,921
540,921
547,921
914,921
918,921
919,921
546,922
547,922
549,922
686,922
914,922
916,922
919,922
920,922
921,922
387,923
394,923
397,923
923,924
387,925
923,925
924,925
385,926
386,926
389,926
392,926
406,926
923,926
143,927
274,927
385,927
389,927
390,927
394,927
396,927
479,927
567,927
923,927
924,927
925,927
926,927
397,928
403,928
923,928
925,928
926,928
190,929
385,929
387,929
394,929
397,929
402,929
403,929
404,929
477,929
567,929
569,929
891,929
923,929
924,929
927,929
928,929
389,930
390,930
392,930
923,930
924,930
926,930
927,930
929,930
216,931
229,931
296,931
519,931
530,931
566,931
621,931
692,931
832,931
846,931
289,932
296,932
370,932
841,932
931,932
931,933
4,934
931,934
932,934
933,934
931,935
932,935
933,935
934,935
1,936
4,936
54,936
692,936
931,936
932,936
933,936
934,936
935,936
931,937
932,937
933,937
934,937
935,937
936,937
14,938
54,938
293,938
296,938
370,938
530,938
832,938
931,938
932,938
933,938
934,938
935,938
936,938
937,938
10,939
54,939
841,939
931,939
932,939
933,939
934,939
935,939
936,939
937,939
938,939
931,940
932,940
934,940
936,940
938,940
939,940
931,941
932,941
933,941
934,941
936,941
937,941
939,941
141,942
144,942
942,943
942,944
943,944
143,945
942,945
943,945
944,945
942,946
943,946
944,946
945,946
942,947
943,947
944,947
946,947
942,948
943,948
944,948
945,948
167,949
744,949
745,949
746,949
747,949
748,949
805,949
156,950
161,950
745,950
746,950
748,950
949,950
155,951
167,951
747,951
949,951
950,951
748,952
806,952
949,952
950,952
951,952
164,953
744,953
745,953
949,953
950,953
951,953
952,953
155,954
156,954
216,954
247,954
503,954
745,954
746,954
747,954
748,954
805,954
846,954
949,954
950,954
951,954
952,954
953,954
746,955
748,955
949,955
950,955
951,955
953,955
954,955
155,956
161,956
165,956
166,956
745,956
748,956
808,956
949,956
950,956
952,956
954,956
955,956
155,957
744,957
745,957
812,957
949,957
950,957
951,957
954,957
955,957
956,957
87,958
89,958
91,958
857,958
80,959
83,959
87,959
89,959
958,959
83,960
87,960
89,960
91,960
958,960
959,960
81,961
89,961
857,961
958,961
959,961
960,961
81,962
83,962
91,962
92,962
93,962
958,962
959,962
960,962
961,962
84,963
857,963
958,963
959,963
961,963
962,963
958,964
959,964
960,964
963,964
140,965
144,965
282,965
317,965
927,965
945,965
141,966
143,966
965,966
139,967
141,967
142,967
143,967
144,967
145,967
799,967
942,967
965,967
966,967
141,968
142,968
144,968
145,968
965,968
967,968
141,969
143,969
144,969
317,969
965,969
966,969
967,969
968,969
140,970
142,970
965,970
966,970
967,970
968,970
141,971
142,971
143,971
965,971
966,971
967,971
968,971
969,971
970,971
139,972
140,972
143,972
144,972
145,972
965,972
966,972
968,972
969,972
970,972
143,973
672,973
799,973
945,973
965,973
966,973
967,973
968,973
969,973
970,973
971,973
140,974
141,974
143,974
965,974
966,974
968,974
969,974
970,974
971,974
972,974
973,974
141,975
144,975
145,975
944,975
965,975
967,975
968,975
969,975
970,975
971,975
972,975
973,975
974,975
142,976
143,976
144,976
965,976
967,976
968,976
969,976
971,976
972,976
973,976
974,976
975,976
139,977
965,977
970,977
973,977
974,977
87,978
107,978
605,978
608,978
958,978
960,978
961,978
978,979
80,980
87,980
90,980
606,980
607,980
978,980
979,980
607,981
609,981
857,981
961,981
962,981
978,981
980,981
608,982
978,982
979,982
980,982
981,982
87,983
92,983
960,983
978,983
979,983
981,983
608,984
609,984
978,984
980,984
981,984
87,985
608,985
978,985
979,985
980,985
981,985
982,985
983,985
85,986
97,986
609,986
961,986
978,986
979,986
980,986
981,986
982,986
983,986
605,987
606,987
608,987
609,987
960,987
978,987
979,987
980,987
981,987
982,987
983,987
985,987
986,987
111,988
300,988
308,988
739,988
740,988
741,988
743,988
106,989
151,989
302,989
308,989
309,989
740,989
741,989
988,989
112,990
988,990
989,990
106,991
109,991
303,991
988,991
990,991
303,992
988,992
989,992
990,992
991,992
107,993
111,993
300,993
309,993
743,993
752,993
860,993
863,993
866,993
911,993
912,993
978,993
988,993
990,993
992,993
440,994
444,994
497,994
500,994
439,995
444,995
445,995
994,995
441,996
444,996
994,996
995,996
441,997
443,997
446,997
447,997
449,997
501,997
987,997
994,997
995,997
996,997
994,998
996,998
997,998
229,999
243,999
244,999
229,1000
232,1000
235,1000
236,1000
238,1000
243,1000
244,1000
314,1000
315,1000
999,1000
